#{"env_id": "MountainCar-v0", "t_start": 1518011461.949919}
r,l,t
-200.0,200,1.536634
-200.0,200,1.789495
-200.0,200,2.049224
-200.0,200,2.302746
-200.0,200,2.563082
-200.0,200,3.598759
-200.0,200,4.627238
-200.0,200,5.632267
-200.0,200,6.630975
-200.0,200,7.643188
-200.0,200,8.658343
-200.0,200,9.646424
-200.0,200,10.625868
-200.0,200,11.602008
-200.0,200,12.596921
-200.0,200,13.569067
-200.0,200,14.560075
-200.0,200,15.555355
-200.0,200,16.568166
-200.0,200,17.601145
-200.0,200,18.609256
-200.0,200,19.621074
-200.0,200,20.603159
-200.0,200,21.617099
-200.0,200,22.648385
-200.0,200,23.626392
-200.0,200,24.623472
-200.0,200,25.628859
-200.0,200,26.634987
-200.0,200,27.660508
-200.0,200,28.664756
-200.0,200,29.682575
-200.0,200,30.660766
-200.0,200,31.667281
-200.0,200,32.672188
-200.0,200,33.689855
-200.0,200,34.669233
-200.0,200,35.677732
-200.0,200,36.699542
-200.0,200,37.722881
-200.0,200,38.731052
-200.0,200,39.761956
-200.0,200,40.770623
-200.0,200,41.765812
-200.0,200,42.790676
-200.0,200,43.793186
-200.0,200,44.815567
-200.0,200,45.830487
-200.0,200,46.837398
-200.0,200,47.890338
-200.0,200,48.874772
-200.0,200,49.917593
-200.0,200,50.968523
-200.0,200,52.00382
-200.0,200,53.018574
-200.0,200,54.065506
-200.0,200,55.10189
-200.0,200,56.115087
-200.0,200,57.108309
-200.0,200,58.127897
-200.0,200,59.172913
-200.0,200,60.208102
-200.0,200,61.212431
-200.0,200,62.219392
-200.0,200,63.233905
-200.0,200,64.256786
-200.0,200,65.263598
-200.0,200,66.263774
-200.0,200,67.273196
-200.0,200,68.311916
-200.0,200,69.32672
-200.0,200,70.313818
-200.0,200,71.3197
-200.0,200,72.31933
-200.0,200,73.323543
-200.0,200,74.325736
-200.0,200,75.3429
-200.0,200,76.330539
-200.0,200,77.353221
-200.0,200,78.377059
-200.0,200,79.38571
-200.0,200,80.39975
-200.0,200,81.412439
-200.0,200,82.441118
-200.0,200,83.489535
-200.0,200,84.502348
-200.0,200,85.520122
-200.0,200,86.549443
-200.0,200,87.559982
-200.0,200,88.621308
-200.0,200,89.627025
-200.0,200,90.597245
-200.0,200,91.585712
-200.0,200,92.590246
-200.0,200,93.580223
-200.0,200,94.574006
-200.0,200,95.561195
-200.0,200,96.562109
-200.0,200,97.568962
-200.0,200,98.601269
-200.0,200,99.744631
-200.0,200,100.774064
-200.0,200,101.768541
-200.0,200,102.796886
-200.0,200,103.803178
-200.0,200,104.826519
-200.0,200,105.838474
-200.0,200,106.852398
-200.0,200,107.865798
-200.0,200,108.897916
-200.0,200,109.917522
-200.0,200,110.952824
-200.0,200,111.941556
-200.0,200,112.963463
-200.0,200,113.951292
-200.0,200,114.960875
-200.0,200,115.956672
-193.0,193,116.919071
-177.0,177,117.798239
-200.0,200,118.875997
-168.0,168,119.733786
-181.0,181,120.642942
-200.0,200,121.656557
-174.0,174,122.538656
-143.0,143,123.264321
-169.0,169,124.124554
-126.0,126,124.777462
-166.0,166,125.615272
-142.0,142,126.355345
-111.0,111,126.968973
-177.0,177,127.878274
-190.0,190,128.85968
-178.0,178,129.743
-135.0,135,130.420839
-150.0,150,131.194894
-136.0,136,131.870311
-174.0,174,132.747407
-136.0,136,133.436076
-185.0,185,134.375931
-200.0,200,135.422771
-186.0,186,136.383843
-200.0,200,137.396495
-137.0,137,138.099694
-199.0,199,139.117903
-200.0,200,140.146108
-200.0,200,141.173216
-192.0,192,142.145414
-184.0,184,143.104502
-170.0,170,143.959564
-188.0,188,144.938679
-164.0,164,145.794369
-187.0,187,146.741235
-125.0,125,147.368851
-200.0,200,148.355165
-163.0,163,149.191641
-200.0,200,150.397897
-165.0,165,151.228368
-133.0,133,151.888917
-120.0,120,152.515381
-200.0,200,153.549113
-177.0,177,154.453531
-145.0,145,155.196333
-152.0,152,155.994784
-193.0,193,157.002594
-200.0,200,158.004672
-151.0,151,158.780916
-200.0,200,159.805098
-162.0,162,160.632505
-200.0,200,161.637311
-122.0,122,162.281751
-127.0,127,162.930822
-180.0,180,163.861188
-178.0,178,164.76213
-200.0,200,165.789933
-134.0,134,166.486815
-147.0,147,167.22838
-200.0,200,168.237075
-200.0,200,169.267469
-149.0,149,170.058605
-200.0,200,171.179316
-200.0,200,172.222552
-144.0,144,172.987648
-151.0,151,173.800855
-200.0,200,174.806516
-171.0,171,175.682361
-200.0,200,176.68926
-167.0,167,177.694067
-176.0,176,178.609121
-172.0,172,179.476992
-145.0,145,180.241244
-116.0,116,180.817905
-173.0,173,181.696444
-143.0,143,182.430995
-142.0,142,183.154969
-183.0,183,184.093
-152.0,152,184.87468
-151.0,151,185.6524
-200.0,200,186.65759
-162.0,162,187.470729
-200.0,200,188.505091
-193.0,193,189.493984
-200.0,200,190.530727
-200.0,200,191.545512
-200.0,200,192.551031
-179.0,179,193.448153
-200.0,200,194.462799
-159.0,159,195.273932
-166.0,166,196.101625
-200.0,200,197.108091
-200.0,200,198.137054
-200.0,200,199.195059
-200.0,200,200.208743
-200.0,200,201.232725
-200.0,200,202.393258
-177.0,177,203.327985
-200.0,200,204.339683
-200.0,200,205.375235
-200.0,200,206.407565
-200.0,200,207.825236
-176.0,176,208.992825
-200.0,200,211.059341
-200.0,200,212.942448
-200.0,200,214.528782
-175.0,175,215.494501
-200.0,200,216.524338
-173.0,173,217.552549
-200.0,200,218.799253
-200.0,200,220.596563
-200.0,200,221.98471
-200.0,200,223.091682
-200.0,200,224.94214
-200.0,200,227.270538
-153.0,153,228.049976
-167.0,167,228.922218
-200.0,200,229.927739
-200.0,200,231.146435
-200.0,200,232.17062
-200.0,200,233.185531
-200.0,200,234.204505
-200.0,200,235.221458
-188.0,188,236.162323
-162.0,162,236.993782
-191.0,191,237.932681
-200.0,200,239.251665
-170.0,170,240.09574
-200.0,200,241.105729
-97.0,97,241.592025
-200.0,200,242.594111
-181.0,181,243.495734
-168.0,168,244.376151
-200.0,200,245.401381
-200.0,200,246.441701
-200.0,200,247.449939
-184.0,184,248.379216
-182.0,182,249.301299
-184.0,184,250.22171
-151.0,151,250.993994
-181.0,181,251.912276
-195.0,195,252.901563
-200.0,200,253.940102
-186.0,186,254.868583
-159.0,159,255.666939
-177.0,177,256.543344
-183.0,183,257.457497
-188.0,188,258.406188
-178.0,178,259.289098
-187.0,187,260.237183
-90.0,90,260.682851
-90.0,90,261.153726
-200.0,200,262.170142
-163.0,163,262.984798
-170.0,170,263.847456
-165.0,165,264.669968
-173.0,173,265.545214
-84.0,84,265.969652
-87.0,87,266.408493
-172.0,172,267.273351
-87.0,87,267.702299
-156.0,156,268.488415
-88.0,88,268.941651
-151.0,151,269.71442
-99.0,99,270.212773
-166.0,166,271.051449
-160.0,160,271.867845
-144.0,144,272.610781
-154.0,154,273.393119
-158.0,158,274.210775
-97.0,97,274.702343
-110.0,110,275.267955
-157.0,157,276.081625
-88.0,88,276.522901
-98.0,98,277.015755
-148.0,148,277.760667
-146.0,146,278.493165
-97.0,97,279.156287
-146.0,146,280.096982
-169.0,169,280.957035
-159.0,159,281.769682
-107.0,107,282.316299
-185.0,185,283.276483
-90.0,90,283.722711
-86.0,86,284.16854
-145.0,145,284.901888
-161.0,161,285.696357
-86.0,86,286.134655
-146.0,146,286.857153
-155.0,155,287.64852
-146.0,146,288.4287
-98.0,98,289.153481
-143.0,143,289.992843
-92.0,92,290.458281
-144.0,144,291.207713
-87.0,87,291.667372
-150.0,150,292.429974
-83.0,83,292.85632
-86.0,86,293.423429
-88.0,88,294.18018
-148.0,148,295.161325
-141.0,141,295.878234
-93.0,93,296.35425
-147.0,147,297.0998
-145.0,145,297.841893
-89.0,89,298.306644
-86.0,86,298.734006
-142.0,142,299.449649
-86.0,86,299.88288
-148.0,148,300.612251
-149.0,149,301.363281
-144.0,144,302.074905
-91.0,91,302.565383
-151.0,151,303.332174
-143.0,143,304.052821
-140.0,140,304.757934
-177.0,177,305.636422
-146.0,146,306.376855
-84.0,84,306.806637
-174.0,174,307.686127
-180.0,180,308.591126
-88.0,88,309.033612
-92.0,92,309.514954
-87.0,87,309.960181
-95.0,95,310.459095
-91.0,91,310.923309
-93.0,93,311.397689
-89.0,89,311.850866
-84.0,84,312.437615
-147.0,147,313.186035
-144.0,144,313.930614
-146.0,146,314.664747
-167.0,167,315.512009
-96.0,96,316.009012
-147.0,147,316.74811
-146.0,146,317.523808
-154.0,154,318.325305
-150.0,150,319.071403
-87.0,87,319.515401
-146.0,146,320.26444
-150.0,150,321.012801
-94.0,94,321.482416
-145.0,145,322.244222
-149.0,149,323.003104
-86.0,86,323.468056
-153.0,153,324.243672
-152.0,152,325.022138
-150.0,150,325.766002
-148.0,148,326.532534
-88.0,88,326.985358
-98.0,98,327.479563
-150.0,150,328.241453
-149.0,149,329.006745
-148.0,148,329.768577
-88.0,88,330.212595
-94.0,94,330.678064
-146.0,146,331.397578
-152.0,152,332.160621
-153.0,153,332.926771
-146.0,146,334.009019
-150.0,150,335.136425
-148.0,148,336.131163
-96.0,96,336.641145
-148.0,148,337.393379
-143.0,143,338.129365
-148.0,148,338.860125
-88.0,88,339.303128
-156.0,156,340.24851
-156.0,156,341.123716
-149.0,149,342.292605
-89.0,89,342.958294
-155.0,155,343.986115
-148.0,148,345.019416
-149.0,149,345.853788
-147.0,147,346.634416
-89.0,89,347.082817
-147.0,147,348.434484
-92.0,92,349.332116
-200.0,200,350.553015
-157.0,157,351.422215
-94.0,94,351.980619
-90.0,90,352.792378
-149.0,149,354.084616
-148.0,148,355.11526
-146.0,146,356.492037
-200.0,200,357.907514
-146.0,146,358.996773
-146.0,146,359.971485
-149.0,149,360.725169
-87.0,87,361.177155
-89.0,89,361.662248
-149.0,149,362.625732
-147.0,147,363.524516
-89.0,89,364.053834
-150.0,150,364.983513
-144.0,144,365.817702
-146.0,146,366.735594
-148.0,148,367.575977
-88.0,88,368.11568
-147.0,147,368.876138
-87.0,87,369.326226
-144.0,144,370.05797
-146.0,146,371.123825
-162.0,162,372.056377
-149.0,149,373.023188
-146.0,146,373.995898
-148.0,148,374.750931
-146.0,146,375.595763
-146.0,146,376.408793
-148.0,148,377.29897
-148.0,148,378.135412
-147.0,147,379.008433
-146.0,146,379.848576
-157.0,157,380.747761
-157.0,157,381.807901
-87.0,87,382.327222
-148.0,148,383.139857
-151.0,151,383.897483
-144.0,144,384.824948
-143.0,143,385.682671
-151.0,151,386.657938
-87.0,87,387.206492
-149.0,149,388.110044
-146.0,146,388.920734
-158.0,158,389.729843
-149.0,149,390.485091
-146.0,146,391.236298
-136.0,136,391.926237
-154.0,154,392.714309
-145.0,145,393.452715
-147.0,147,394.1969
-137.0,137,394.877082
-147.0,147,395.637558
-145.0,145,396.391012
-151.0,151,397.89454
-109.0,109,398.729108
-144.0,144,399.738573
-148.0,148,400.560882
-115.0,115,401.129063
-112.0,112,401.69379
-151.0,151,402.456458
-112.0,112,403.021614
-115.0,115,403.617248
-114.0,114,404.20278
-116.0,116,404.799303
-149.0,149,405.575801
-113.0,113,406.138005
-86.0,86,406.580404
-117.0,117,407.204875
-115.0,115,407.810647
-111.0,111,408.365289
-121.0,121,408.963306
-129.0,129,409.697989
-117.0,117,410.296261
-124.0,124,410.932347
-200.0,200,411.970419
-124.0,124,412.606604
-119.0,119,413.418229
-123.0,123,414.061268
-119.0,119,414.653413
-113.0,113,415.241271
-114.0,114,416.169461
-115.0,115,417.093096
-125.0,125,418.002602
-119.0,119,418.849391
-129.0,129,419.500351
-122.0,122,420.113981
-128.0,128,420.765903
-121.0,121,421.368759
-125.0,125,422.005167
-114.0,114,422.584252
-124.0,124,423.238892
-113.0,113,423.823118
-114.0,114,424.384782
-135.0,135,425.082898
-119.0,119,425.676709
-200.0,200,426.699942
-114.0,114,427.288385
-138.0,138,427.985932
-124.0,124,428.616034
-200.0,200,429.612807
-200.0,200,430.618967
-119.0,119,431.24415
-200.0,200,432.265709
-123.0,123,432.89127
-123.0,123,433.498314
-200.0,200,434.48135
-115.0,115,435.063758
-127.0,127,435.709627
-129.0,129,436.368627
-121.0,121,436.985658
-123.0,123,437.600864
-136.0,136,438.305083
-136.0,136,438.999973
-123.0,123,439.630269
-200.0,200,440.647932
-130.0,130,441.307824
-129.0,129,442.193001
-126.0,126,442.846314
-199.0,199,444.070592
-128.0,128,445.25642
-124.0,124,446.028263
-123.0,123,446.878732
-122.0,122,447.625848
-130.0,130,448.389308
-130.0,130,449.056317
-121.0,121,449.763542
-126.0,126,450.404104
-121.0,121,451.033466
-125.0,125,451.690703
-127.0,127,452.35519
-125.0,125,453.004216
-115.0,115,453.612195
-120.0,120,454.226022
-124.0,124,454.864042
-125.0,125,455.502987
-119.0,119,456.115409
-118.0,118,456.706029
-124.0,124,457.363061
-123.0,123,457.997271
-118.0,118,458.588863
-122.0,122,459.210951
-113.0,113,459.80523
-85.0,85,460.251249
-111.0,111,460.820884
-114.0,114,461.41697
-112.0,112,461.989324
-115.0,115,462.576723
-113.0,113,463.152401
-111.0,111,463.742632
-110.0,110,464.306904
-110.0,110,464.870501
-87.0,87,465.338555
-115.0,115,465.922158
-113.0,113,466.497739
-114.0,114,467.069548
-111.0,111,467.631717
-116.0,116,468.227153
-103.0,103,468.763388
-107.0,107,469.321432
-113.0,113,469.902743
-107.0,107,470.466936
-109.0,109,471.047489
-114.0,114,471.635566
-137.0,137,472.348829
-108.0,108,472.892576
-104.0,104,473.43173
-131.0,131,474.122257
-108.0,108,474.664999
-137.0,137,475.375881
-104.0,104,475.900369
-105.0,105,476.453259
-108.0,108,477.054199
-147.0,147,477.936842
-115.0,115,478.558098
-112.0,112,479.131162
-179.0,179,480.049128
-150.0,150,481.019115
-127.0,127,481.662826
-200.0,200,482.664521
-200.0,200,483.66498
-125.0,125,484.301247
-188.0,188,485.2867
-115.0,115,485.876325
-128.0,128,486.529873
-200.0,200,487.547635
-123.0,123,488.183763
-200.0,200,489.233298
-178.0,178,490.127774
-118.0,118,490.717883
-200.0,200,491.752529
-128.0,128,492.415094
-200.0,200,493.473448
-200.0,200,494.485563
-200.0,200,495.506761
-138.0,138,496.213438
-135.0,135,496.900191
-200.0,200,497.918885
-200.0,200,498.928787
-143.0,143,499.65026
-200.0,200,500.682472
-149.0,149,501.417036
-200.0,200,502.43912
-200.0,200,503.472286
-132.0,132,504.162014
-139.0,139,504.875431
-137.0,137,505.600835
-130.0,130,506.26115
-128.0,128,506.906299
-124.0,124,507.557274
-200.0,200,508.571625
-130.0,130,509.237511
-129.0,129,509.911974
-124.0,124,510.541545
-200.0,200,511.547878
-139.0,139,512.248982
-160.0,160,513.077451
-200.0,200,514.116103
-119.0,119,514.717124
-164.0,164,515.552974
-129.0,129,516.212017
-200.0,200,517.232729
-129.0,129,517.902537
-137.0,137,518.60156
-160.0,160,519.422658
-115.0,115,520.005561
-118.0,118,520.610731
-162.0,162,521.447217
-140.0,140,522.168197
-118.0,118,522.773427
-115.0,115,523.365524
-119.0,119,523.985003
-165.0,165,524.841115
-125.0,125,525.476753
-117.0,117,526.081962
-115.0,115,526.671936
-113.0,113,527.245661
-160.0,160,528.076599
-114.0,114,528.65953
-112.0,112,529.231641
-88.0,88,529.683232
-166.0,166,530.570954
-113.0,113,531.230739
-112.0,112,531.832257
-97.0,97,532.34712
-114.0,114,532.945575
-111.0,111,533.600711
-114.0,114,534.183511
-166.0,166,535.048742
-116.0,116,535.650953
-166.0,166,536.485491
-163.0,163,537.346399
-165.0,165,538.218274
-112.0,112,538.789136
-172.0,172,539.700882
-116.0,116,540.284188
-112.0,112,540.857717
-111.0,111,541.438328
-85.0,85,541.850235
-119.0,119,542.449807
-114.0,114,543.020577
-94.0,94,543.481668
-153.0,153,544.275167
-110.0,110,544.844379
-93.0,93,545.339826
-111.0,111,545.929693
-200.0,200,546.929957
-196.0,196,547.934959
-135.0,135,548.631591
-110.0,110,549.191046
-139.0,139,549.911653
-113.0,113,550.503547
-151.0,151,551.303573
-111.0,111,551.870267
-155.0,155,552.66774
-115.0,115,553.260164
-92.0,92,553.712889
-112.0,112,554.287807
-94.0,94,554.787067
-97.0,97,555.277207
-166.0,166,556.126619
-113.0,113,556.693947
-110.0,110,557.276887
-144.0,144,558.018256
-86.0,86,558.457113
-116.0,116,559.069853
-112.0,112,559.645287
-93.0,93,560.121709
-110.0,110,560.674458
-147.0,147,561.412422
-107.0,107,561.958446
-113.0,113,562.55802
-87.0,87,563.021002
-107.0,107,563.58949
-88.0,88,564.038224
-144.0,144,564.773478
-145.0,145,565.541117
-151.0,151,566.338897
-116.0,116,566.926908
-113.0,113,567.497554
-167.0,167,568.374575
-152.0,152,569.138747
-172.0,172,570.049461
-112.0,112,570.61597
-111.0,111,571.182228
-139.0,139,571.911126
-146.0,146,572.66064
-167.0,167,573.521003
-144.0,144,574.251078
-153.0,153,575.038649
-165.0,165,575.889102
-159.0,159,576.689105
-136.0,136,577.410669
-149.0,149,578.197165
-132.0,132,578.885877
-135.0,135,579.575042
-115.0,115,580.15476
-113.0,113,580.731538
-159.0,159,581.537225
-116.0,116,582.125129
-153.0,153,582.883539
-114.0,114,583.459231
-113.0,113,584.049988
-154.0,154,584.846251
-160.0,160,585.661372
-155.0,155,586.461063
-145.0,145,587.209726
-145.0,145,587.959159
-112.0,112,588.521767
-120.0,120,589.128427
-115.0,115,589.714047
-154.0,154,590.492213
-149.0,149,591.267119
-116.0,116,591.862037
-143.0,143,592.600726
-149.0,149,593.366341
-113.0,113,593.961133
-152.0,152,594.743528
-142.0,142,595.453746
-151.0,151,596.22839
-116.0,116,596.813991
-157.0,157,597.579588
-155.0,155,598.417117
-113.0,113,599.00226
-155.0,155,599.79814
-143.0,143,600.539279
-144.0,144,601.279186
-147.0,147,602.035967
-87.0,87,602.478677
-93.0,93,602.950868
-154.0,154,603.74544
-155.0,155,604.534706
-157.0,157,605.365454
-164.0,164,606.196367
-156.0,156,606.995262
-164.0,164,607.816052
-181.0,181,608.77445
-166.0,166,609.629547
-149.0,149,610.37699
-173.0,173,611.261006
-141.0,141,611.967875
-170.0,170,612.810328
-161.0,161,613.661857
-151.0,151,614.410853
-156.0,156,615.228907
-160.0,160,616.053217
-153.0,153,616.820009
-168.0,168,617.696173
-158.0,158,618.50762
-155.0,155,619.315306
-150.0,150,620.08105
-164.0,164,620.918633
-157.0,157,621.751351
-151.0,151,622.516435
-156.0,156,623.315151
-154.0,154,624.108508
-156.0,156,624.906012
-171.0,171,625.746653
-176.0,176,626.636093
-168.0,168,627.489107
-200.0,200,628.499709
-158.0,158,629.311974
-168.0,168,630.184181
-164.0,164,631.012403
-161.0,161,631.859875
-158.0,158,632.662348
-165.0,165,633.4941
-167.0,167,634.357361
-98.0,98,634.877547
-163.0,163,635.711467
-160.0,160,636.562108
-173.0,173,637.446214
-162.0,162,638.27759
-164.0,164,639.100903
-96.0,96,639.598713
-161.0,161,640.428637
-158.0,158,641.227685
-156.0,156,642.020748
-155.0,155,642.809427
-161.0,161,643.622461
-155.0,155,644.413328
-163.0,163,645.230629
-161.0,161,646.082995
-169.0,169,646.939675
-167.0,167,647.799608
-88.0,88,648.262962
-160.0,160,649.106478
-167.0,167,649.975372
-153.0,153,650.793302
-164.0,164,651.663895
-153.0,153,652.467163
-166.0,166,653.334974
-152.0,152,654.22095
-168.0,168,655.08954
-156.0,156,655.904183
-157.0,157,656.713555
-156.0,156,657.524331
-171.0,171,658.394425
-153.0,153,659.167933
-145.0,145,659.910039
-158.0,158,660.707712
-153.0,153,661.481934
-147.0,147,662.24644
-153.0,153,663.012687
-163.0,163,663.845556
-162.0,162,664.695347
-159.0,159,665.490246
-156.0,156,666.28133
-153.0,153,667.085926
-153.0,153,667.879983
-157.0,157,668.695722
-153.0,153,669.478199
-166.0,166,670.355089
-162.0,162,671.19006
-157.0,157,671.988172
-200.0,200,673.007077
-159.0,159,673.811486
-200.0,200,674.80585
-157.0,157,675.601738
-200.0,200,676.601003
-200.0,200,677.610689
-200.0,200,678.623457
-200.0,200,679.671293
-200.0,200,680.684031
-200.0,200,681.711212
-200.0,200,682.743059
-162.0,162,683.604154
-157.0,157,684.422536
-162.0,162,685.239655
-160.0,160,686.080413
-154.0,154,686.877336
-166.0,166,687.756205
-154.0,154,688.562124
-153.0,153,689.345758
-200.0,200,690.378089
-159.0,159,691.193076
-200.0,200,692.187326
-200.0,200,693.191392
-155.0,155,693.971164
-161.0,161,694.787835
-166.0,166,695.627436
-200.0,200,696.643437
-200.0,200,697.682541
-155.0,155,698.489175
-156.0,156,699.285244
-200.0,200,700.322642
-200.0,200,701.343556
-200.0,200,702.367932
-168.0,168,703.232765
-200.0,200,704.280485
-157.0,157,705.10491
-200.0,200,706.12937
-168.0,168,707.022334
-200.0,200,708.047228
-200.0,200,709.068256
-200.0,200,710.068425
-200.0,200,711.068622
-200.0,200,712.052667
-200.0,200,713.077489
-200.0,200,714.075006
-200.0,200,715.078351
-200.0,200,716.064835
-200.0,200,717.122995
-200.0,200,718.131186
-200.0,200,719.190908
-200.0,200,720.20744
-200.0,200,721.235142
-200.0,200,722.265432
-200.0,200,723.287075
-200.0,200,724.311995
-200.0,200,725.341017
-200.0,200,726.383243
-200.0,200,727.42141
-200.0,200,728.427533
-200.0,200,729.429387
-200.0,200,730.442029
-200.0,200,731.441977
-200.0,200,732.45711
-200.0,200,733.46895
-200.0,200,734.476788
-200.0,200,735.501721
-200.0,200,736.490805
-200.0,200,737.551011
-200.0,200,738.581279
-200.0,200,739.593039
-200.0,200,740.6042
-200.0,200,741.650406
-200.0,200,742.672678
-200.0,200,743.686989
-200.0,200,744.716429
-200.0,200,745.755675
-200.0,200,746.766741
-200.0,200,747.81212
-200.0,200,748.844855
-200.0,200,749.86805
-200.0,200,750.864977
-200.0,200,751.892405
-200.0,200,752.921439
-200.0,200,753.929688
-200.0,200,754.935139
-200.0,200,755.948291
-200.0,200,756.973455
-200.0,200,758.021484
-200.0,200,759.035749
-200.0,200,760.075166
-200.0,200,761.088824
-200.0,200,762.12127
-200.0,200,763.160564
-200.0,200,764.175046
-200.0,200,765.210587
-200.0,200,766.252431
-200.0,200,767.281848
-200.0,200,768.311679
-200.0,200,769.3276
-200.0,200,770.358098
-200.0,200,771.408779
-200.0,200,772.460048
-200.0,200,773.495527
-200.0,200,774.513052
-200.0,200,775.539473
-200.0,200,776.553499
-200.0,200,777.768741
-200.0,200,778.86163
-200.0,200,779.891133
-200.0,200,780.926016
-200.0,200,781.928392
-200.0,200,782.950375
-200.0,200,783.963064
-200.0,200,784.970004
-200.0,200,786.018451
-200.0,200,787.046383
-200.0,200,788.076713
-200.0,200,789.107409
-200.0,200,790.112331
-200.0,200,791.117328
-200.0,200,792.134457
-200.0,200,793.132247
-200.0,200,794.181735
-200.0,200,795.189369
-200.0,200,796.20867
-200.0,200,797.22004
-200.0,200,798.228719
-200.0,200,799.272505
-200.0,200,800.295818
-200.0,200,801.316761
-200.0,200,802.348313
-200.0,200,803.39103
-200.0,200,804.419786
-200.0,200,805.431815
-200.0,200,806.446325
-200.0,200,807.478212
-200.0,200,808.499645
-200.0,200,809.528359
-200.0,200,810.537709
-200.0,200,811.538587
-200.0,200,812.545744
-200.0,200,813.546891
-200.0,200,814.564075
-200.0,200,815.57344
-200.0,200,816.590263
-200.0,200,817.603111
-200.0,200,818.600829
-200.0,200,819.637521
-200.0,200,820.663435
-200.0,200,821.694802
-200.0,200,822.711788
-183.0,183,823.64565
-200.0,200,824.674808
-200.0,200,825.687786
-200.0,200,826.707895
-186.0,186,827.653683
-190.0,190,828.620651
-190.0,190,829.612021
-184.0,184,830.535177
-193.0,193,831.506716
-196.0,196,832.513106
-197.0,197,833.510958
-93.0,93,833.994532
-200.0,200,835.018224
-200.0,200,836.035979
-173.0,173,836.904397
-177.0,177,837.807159
-173.0,173,838.734238
-200.0,200,839.751384
-200.0,200,840.764237
-200.0,200,841.777772
-176.0,176,842.675666
-180.0,180,843.609324
-200.0,200,844.661907
-200.0,200,845.691998
-176.0,176,846.586178
-200.0,200,847.600672
-200.0,200,848.643486
-200.0,200,849.649394
-175.0,175,850.525522
-200.0,200,851.524653
-200.0,200,852.545283
-183.0,183,853.474947
-200.0,200,854.472999
-100.0,100,854.983826
-200.0,200,855.994174
-200.0,200,857.004234
-200.0,200,858.030085
-190.0,190,858.995293
-97.0,97,859.510718
-200.0,200,860.530485
-200.0,200,861.559709
-200.0,200,862.575795
-98.0,98,863.079778
-200.0,200,864.105236
-200.0,200,865.124379
-200.0,200,866.157185
-200.0,200,867.181931
-200.0,200,868.204746
-200.0,200,869.211425
-200.0,200,870.231392
-200.0,200,871.25521
-200.0,200,872.255173
-193.0,193,873.220799
-200.0,200,874.243996
-89.0,89,874.705133
-92.0,92,875.183918
-200.0,200,876.21464
-200.0,200,877.228642
-200.0,200,878.24669
-95.0,95,878.722308
-128.0,128,879.377829
-200.0,200,880.407528
-191.0,191,881.380356
-97.0,97,881.878234
-200.0,200,882.897208
-173.0,173,883.786755
-200.0,200,884.820229
-92.0,92,885.295263
-101.0,101,885.804468
-200.0,200,886.810507
-88.0,88,887.250986
-166.0,166,888.086108
-200.0,200,889.097765
-200.0,200,890.13126
-200.0,200,891.158879
-200.0,200,892.202075
-200.0,200,893.265342
-200.0,200,894.325438
-90.0,90,894.789337
-167.0,167,895.649378
-200.0,200,896.672205
-200.0,200,897.69529
-171.0,171,898.583702
-162.0,162,899.417674
-164.0,164,900.271475
-200.0,200,901.317504
-200.0,200,902.360985
-200.0,200,903.388419
-200.0,200,904.394314
-158.0,158,905.196951
-200.0,200,906.211414
-200.0,200,907.198143
-166.0,166,908.057863
-200.0,200,909.070413
-200.0,200,910.073595
-164.0,164,910.906848
-200.0,200,911.942546
-86.0,86,912.384699
-200.0,200,913.410371
-200.0,200,914.421227
-200.0,200,915.448976
-164.0,164,916.291692
-200.0,200,917.312983
-164.0,164,918.161886
-200.0,200,919.177957
-200.0,200,920.214124
-163.0,163,921.06158
-164.0,164,921.902665
-200.0,200,922.905847
-162.0,162,923.743338
-163.0,163,924.55823
-200.0,200,925.543448
-171.0,171,926.397988
-162.0,162,927.19899
-200.0,200,928.213489
-200.0,200,929.228737
-159.0,159,930.052062
-200.0,200,931.0716
-200.0,200,932.106604
-200.0,200,933.152065
-200.0,200,934.180923
-200.0,200,935.196496
-200.0,200,936.219456
-200.0,200,937.259841
-200.0,200,938.270998
-200.0,200,939.301693
-200.0,200,940.357137
-200.0,200,941.381232
-200.0,200,942.377004
-200.0,200,943.365585
-200.0,200,944.373672
-200.0,200,945.371535
-200.0,200,946.39025
-200.0,200,947.401081
-200.0,200,948.40078
-200.0,200,949.409666
-200.0,200,950.444899
-200.0,200,951.473303
-200.0,200,952.526946
-200.0,200,953.551369
-200.0,200,954.577193
-195.0,195,955.587659
-200.0,200,956.612921
-200.0,200,957.672656
-200.0,200,958.700396
-116.0,116,959.301715
-200.0,200,960.381497
-200.0,200,961.381288
-135.0,135,962.051404
-200.0,200,963.059282
-200.0,200,964.063926
-200.0,200,965.068911
-200.0,200,966.085785
-127.0,127,966.719607
-200.0,200,967.740871
-134.0,134,968.445453
-200.0,200,969.475771
-200.0,200,970.525212
-200.0,200,971.566086
-200.0,200,972.580863
-198.0,198,973.620042
-129.0,129,974.282667
-200.0,200,975.311553
-200.0,200,976.33592
-129.0,129,976.98767
-126.0,126,977.622509
-200.0,200,978.664124
-131.0,131,979.346588
-200.0,200,980.353699
-178.0,178,981.269384
-129.0,129,981.907176
-200.0,200,982.903107
-119.0,119,983.514478
-131.0,131,984.17468
-200.0,200,985.177029
-192.0,192,986.140318
-137.0,137,986.849917
-200.0,200,987.880144
-200.0,200,988.917119
-122.0,122,989.542745
-200.0,200,990.573468
-190.0,190,991.578344
-200.0,200,992.593528
-200.0,200,993.635904
-115.0,115,994.234981
-195.0,195,995.239483
-200.0,200,996.286659
-132.0,132,996.969268
-200.0,200,997.988319
-200.0,200,998.990877
-199.0,199,999.977315
-200.0,200,1000.985485
-200.0,200,1001.997053
-200.0,200,1002.99731
-135.0,135,1003.678455
-200.0,200,1004.703979
-200.0,200,1005.744932
-200.0,200,1006.772561
-200.0,200,1007.807972
-200.0,200,1008.814935
-200.0,200,1009.868709
-200.0,200,1010.919271
-200.0,200,1012.034325
-200.0,200,1013.089372
-200.0,200,1014.162942
-200.0,200,1015.199922
-200.0,200,1016.239158
-200.0,200,1017.282588
-200.0,200,1018.322247
-200.0,200,1019.326524
-200.0,200,1020.434724
-200.0,200,1021.684891
-200.0,200,1022.712486
-200.0,200,1023.751538
-200.0,200,1024.77705
-200.0,200,1025.793505
-200.0,200,1026.864958
-200.0,200,1027.916377
-200.0,200,1028.946701
-200.0,200,1029.982385
-200.0,200,1031.177661
-200.0,200,1032.20282
-200.0,200,1033.249447
-200.0,200,1034.295121
-200.0,200,1035.336465
-200.0,200,1036.349214
-123.0,123,1036.991299
-200.0,200,1038.031331
-200.0,200,1039.062521
-200.0,200,1040.124285
-200.0,200,1041.130925
-200.0,200,1042.129302
-133.0,133,1042.798106
-119.0,119,1043.419095
-200.0,200,1044.425902
